DROP TABLE EMPLOYEE;
DROP TABLE DEPARTMENT;
DROP TABLE JOB;
DROP TABLE LOCATION;
DROP TABLE NATIONAL;
DROP TABLE SAL_GRADE;

--------------------------------------------------------
--  DDL for Table DEPARTMENT
--------------------------------------------------------

  CREATE TABLE "DEPARTMENT" 
   (	"DEPT_ID" CHAR(2 BYTE), 
	"DEPT_TITLE" VARCHAR2(35 BYTE), 
	"LOCATION_ID" CHAR(2 BYTE)
   ) SEGMENT CREATION IMMEDIATE 
  PCTFREE 10 PCTUSED 40 INITRANS 1 MAXTRANS 255 NOCOMPRESS LOGGING
  STORAGE(INITIAL 65536 NEXT 1048576 MINEXTENTS 1 MAXEXTENTS 2147483645
  PCTINCREASE 0 FREELISTS 1 FREELIST GROUPS 1 BUFFER_POOL DEFAULT FLASH_CACHE DEFAULT CELL_FLASH_CACHE DEFAULT)
  TABLESPACE "SYSTEM" ;

   COMMENT ON COLUMN "DEPARTMENT"."DEPT_ID" IS '부서코드';
   COMMENT ON COLUMN "DEPARTMENT"."DEPT_TITLE" IS '부서명';
   COMMENT ON COLUMN "DEPARTMENT"."LOCATION_ID" IS '지역코드';
   COMMENT ON TABLE "DEPARTMENT"  IS '부서';
REM INSERTING into DEPARTMENT
SET DEFINE OFF;
Insert into DEPARTMENT (DEPT_ID,DEPT_TITLE,LOCATION_ID) values ('D1','인사관리부','L1');
Insert into DEPARTMENT (DEPT_ID,DEPT_TITLE,LOCATION_ID) values ('D2','회계관리부','L1');
Insert into DEPARTMENT (DEPT_ID,DEPT_TITLE,LOCATION_ID) values ('D3','마케팅부','L1');
Insert into DEPARTMENT (DEPT_ID,DEPT_TITLE,LOCATION_ID) values ('D4','국내영업부','L1');
Insert into DEPARTMENT (DEPT_ID,DEPT_TITLE,LOCATION_ID) values ('D5','해외영업1부','L2');
Insert into DEPARTMENT (DEPT_ID,DEPT_TITLE,LOCATION_ID) values ('D6','해외영업2부','L3');
Insert into DEPARTMENT (DEPT_ID,DEPT_TITLE,LOCATION_ID) values ('D7','해외영업3부','L4');
Insert into DEPARTMENT (DEPT_ID,DEPT_TITLE,LOCATION_ID) values ('D8','기술지원부','L5');
Insert into DEPARTMENT (DEPT_ID,DEPT_TITLE,LOCATION_ID) values ('D9','총무부','L1');
--------------------------------------------------------
--  DDL for Index 엔터티1_PK2
--------------------------------------------------------

  CREATE UNIQUE INDEX "엔터티1_PK2" ON "DEPARTMENT" ("DEPT_ID") 
  PCTFREE 10 INITRANS 2 MAXTRANS 255 COMPUTE STATISTICS 
  STORAGE(INITIAL 65536 NEXT 1048576 MINEXTENTS 1 MAXEXTENTS 2147483645
  PCTINCREASE 0 FREELISTS 1 FREELIST GROUPS 1 BUFFER_POOL DEFAULT FLASH_CACHE DEFAULT CELL_FLASH_CACHE DEFAULT)
  TABLESPACE "SYSTEM" ;
--------------------------------------------------------
--  Constraints for Table DEPARTMENT
--------------------------------------------------------

  ALTER TABLE "DEPARTMENT" ADD CONSTRAINT "DEPARTMENT_PK" PRIMARY KEY ("DEPT_ID")
  USING INDEX PCTFREE 10 INITRANS 2 MAXTRANS 255 COMPUTE STATISTICS 
  STORAGE(INITIAL 65536 NEXT 1048576 MINEXTENTS 1 MAXEXTENTS 2147483645
  PCTINCREASE 0 FREELISTS 1 FREELIST GROUPS 1 BUFFER_POOL DEFAULT FLASH_CACHE DEFAULT CELL_FLASH_CACHE DEFAULT)
  TABLESPACE "SYSTEM"  ENABLE;
  ALTER TABLE "DEPARTMENT" MODIFY ("LOCATION_ID" NOT NULL ENABLE);
  ALTER TABLE "DEPARTMENT" MODIFY ("DEPT_ID" NOT NULL ENABLE);

--------------------------------------------------------
--  DDL for Table EMPLOYEE
--------------------------------------------------------

  CREATE TABLE "EMPLOYEE" 
   (	"EMP_ID" VARCHAR2(3 BYTE), 
	"EMP_NAME" VARCHAR2(20 BYTE), 
	"EMP_NO" CHAR(14 BYTE), 
	"EMAIL" VARCHAR2(25 BYTE), 
	"PHONE" VARCHAR2(12 BYTE), 
	"DEPT_CODE" CHAR(2 BYTE), 
	"JOB_CODE" CHAR(2 BYTE), 
	"SALARY" NUMBER, 
	"BONUS" NUMBER, 
	"MANAGER_ID" VARCHAR2(3 BYTE), 
	"HIRE_DATE" DATE, 
	"ENT_DATE" DATE, 
	"ENT_YN" CHAR(1 BYTE) DEFAULT 'N'
   ) SEGMENT CREATION IMMEDIATE 
  PCTFREE 10 PCTUSED 40 INITRANS 1 MAXTRANS 255 NOCOMPRESS LOGGING
  STORAGE(INITIAL 65536 NEXT 1048576 MINEXTENTS 1 MAXEXTENTS 2147483645
  PCTINCREASE 0 FREELISTS 1 FREELIST GROUPS 1 BUFFER_POOL DEFAULT FLASH_CACHE DEFAULT CELL_FLASH_CACHE DEFAULT)
  TABLESPACE "SYSTEM" ;

   COMMENT ON COLUMN "EMPLOYEE"."EMP_ID" IS '사원번호';
   COMMENT ON COLUMN "EMPLOYEE"."EMP_NAME" IS '직원명';
   COMMENT ON COLUMN "EMPLOYEE"."EMP_NO" IS '주민등록번호';
   COMMENT ON COLUMN "EMPLOYEE"."EMAIL" IS '이메일';
   COMMENT ON COLUMN "EMPLOYEE"."PHONE" IS '전화번호';
   COMMENT ON COLUMN "EMPLOYEE"."DEPT_CODE" IS '부서코드';
   COMMENT ON COLUMN "EMPLOYEE"."JOB_CODE" IS '직급코드';
   COMMENT ON COLUMN "EMPLOYEE"."SALARY" IS '급여';
   COMMENT ON COLUMN "EMPLOYEE"."BONUS" IS '보너스율';
   COMMENT ON COLUMN "EMPLOYEE"."MANAGER_ID" IS '관리자사번';
   COMMENT ON COLUMN "EMPLOYEE"."HIRE_DATE" IS '입사일';
   COMMENT ON COLUMN "EMPLOYEE"."ENT_DATE" IS '퇴사일';
   COMMENT ON COLUMN "EMPLOYEE"."ENT_YN" IS '퇴직여부';
   COMMENT ON TABLE "EMPLOYEE"  IS '사원';
REM INSERTING into EMPLOYEE
SET DEFINE OFF;
Insert into EMPLOYEE (EMP_ID,EMP_NAME,EMP_NO,EMAIL,PHONE,DEPT_CODE,JOB_CODE,SALARY,BONUS,MANAGER_ID,HIRE_DATE,ENT_DATE,ENT_YN) values ('200','선동일','621235-1985634','sun_di@or.kr','01099546325','D9','J1',8000000,0.3,null,to_date('90/02/06','RR/MM/DD'),null,'N');
Insert into EMPLOYEE (EMP_ID,EMP_NAME,EMP_NO,EMAIL,PHONE,DEPT_CODE,JOB_CODE,SALARY,BONUS,MANAGER_ID,HIRE_DATE,ENT_DATE,ENT_YN) values ('201','송종기','631156-1548654','song_jk@or.kr','01045686656','D9','J2',6000000,null,'200',to_date('01/09/01','RR/MM/DD'),null,'N');
Insert into EMPLOYEE (EMP_ID,EMP_NAME,EMP_NO,EMAIL,PHONE,DEPT_CODE,JOB_CODE,SALARY,BONUS,MANAGER_ID,HIRE_DATE,ENT_DATE,ENT_YN) values ('202','노옹철','861015-1356452','no_hc@or.kr','01066656263','D9','J2',3700000,null,'201',to_date('01/01/01','RR/MM/DD'),null,'N');
Insert into EMPLOYEE (EMP_ID,EMP_NAME,EMP_NO,EMAIL,PHONE,DEPT_CODE,JOB_CODE,SALARY,BONUS,MANAGER_ID,HIRE_DATE,ENT_DATE,ENT_YN) values ('203','송은희','631010-2653546','song_eh@or.kr','01077607879','D6','J4',2800000,null,'204',to_date('96/05/03','RR/MM/DD'),null,'N');
Insert into EMPLOYEE (EMP_ID,EMP_NAME,EMP_NO,EMAIL,PHONE,DEPT_CODE,JOB_CODE,SALARY,BONUS,MANAGER_ID,HIRE_DATE,ENT_DATE,ENT_YN) values ('204','유재식','660508-1342154','yoo_js@or.kr','01099999129','D6','J3',3400000,0.2,'200',to_date('00/12/29','RR/MM/DD'),null,'N');
Insert into EMPLOYEE (EMP_ID,EMP_NAME,EMP_NO,EMAIL,PHONE,DEPT_CODE,JOB_CODE,SALARY,BONUS,MANAGER_ID,HIRE_DATE,ENT_DATE,ENT_YN) values ('205','정중하','770102-1357951','jung_jh@or.kr','01036654875','D6','J3',3900000,null,'204',to_date('99/09/09','RR/MM/DD'),null,'N');
Insert into EMPLOYEE (EMP_ID,EMP_NAME,EMP_NO,EMAIL,PHONE,DEPT_CODE,JOB_CODE,SALARY,BONUS,MANAGER_ID,HIRE_DATE,ENT_DATE,ENT_YN) values ('206','박나라','630709-2054321','pack_nr@or.kr','01096935222','D5','J7',1800000,null,'207',to_date('08/04/02','RR/MM/DD'),null,'N');
Insert into EMPLOYEE (EMP_ID,EMP_NAME,EMP_NO,EMAIL,PHONE,DEPT_CODE,JOB_CODE,SALARY,BONUS,MANAGER_ID,HIRE_DATE,ENT_DATE,ENT_YN) values ('207','하이유','690402-2040612','ha_iy@or.kr','01036654488','D5','J5',2200000,0.1,'200',to_date('94/07/07','RR/MM/DD'),null,'N');
Insert into EMPLOYEE (EMP_ID,EMP_NAME,EMP_NO,EMAIL,PHONE,DEPT_CODE,JOB_CODE,SALARY,BONUS,MANAGER_ID,HIRE_DATE,ENT_DATE,ENT_YN) values ('208','김해술','870927-1313564','kim_hs@or.kr','01078634444','D5','J5',2500000,null,'207',to_date('04/04/30','RR/MM/DD'),null,'N');
Insert into EMPLOYEE (EMP_ID,EMP_NAME,EMP_NO,EMAIL,PHONE,DEPT_CODE,JOB_CODE,SALARY,BONUS,MANAGER_ID,HIRE_DATE,ENT_DATE,ENT_YN) values ('209','심봉선','750206-1325546','sim_bs@or.kr','0113654485','D5','J3',3500000,0.15,'207',to_date('11/11/11','RR/MM/DD'),null,'N');
Insert into EMPLOYEE (EMP_ID,EMP_NAME,EMP_NO,EMAIL,PHONE,DEPT_CODE,JOB_CODE,SALARY,BONUS,MANAGER_ID,HIRE_DATE,ENT_DATE,ENT_YN) values ('210','윤은해','650505-2356985','youn_eh@or.kr','0179964233','D5','J7',2000000,null,'207',to_date('01/02/03','RR/MM/DD'),null,'N');
Insert into EMPLOYEE (EMP_ID,EMP_NAME,EMP_NO,EMAIL,PHONE,DEPT_CODE,JOB_CODE,SALARY,BONUS,MANAGER_ID,HIRE_DATE,ENT_DATE,ENT_YN) values ('211','전형돈','830807-1121321','jun_hd@or.kr','01044432222','D8','J6',2000000,null,'200',to_date('12/12/12','RR/MM/DD'),null,'N');
Insert into EMPLOYEE (EMP_ID,EMP_NAME,EMP_NO,EMAIL,PHONE,DEPT_CODE,JOB_CODE,SALARY,BONUS,MANAGER_ID,HIRE_DATE,ENT_DATE,ENT_YN) values ('212','장쯔위','780923-2234542','jang_zw@or.kr','01066682224','D8','J6',2550000,0.25,'211',to_date('15/06/17','RR/MM/DD'),null,'N');
Insert into EMPLOYEE (EMP_ID,EMP_NAME,EMP_NO,EMAIL,PHONE,DEPT_CODE,JOB_CODE,SALARY,BONUS,MANAGER_ID,HIRE_DATE,ENT_DATE,ENT_YN) values ('213','하동운','621111-1785463','ha_dh@or.kr','01158456632',null,'J6',2320000,0.1,null,to_date('99/12/31','RR/MM/DD'),null,'N');
Insert into EMPLOYEE (EMP_ID,EMP_NAME,EMP_NO,EMAIL,PHONE,DEPT_CODE,JOB_CODE,SALARY,BONUS,MANAGER_ID,HIRE_DATE,ENT_DATE,ENT_YN) values ('214','방명수','856795-1313513','bang_ms@or.kr','01074127545','D1','J7',1380000,null,'200',to_date('10/04/04','RR/MM/DD'),null,'N');
Insert into EMPLOYEE (EMP_ID,EMP_NAME,EMP_NO,EMAIL,PHONE,DEPT_CODE,JOB_CODE,SALARY,BONUS,MANAGER_ID,HIRE_DATE,ENT_DATE,ENT_YN) values ('215','대북혼','881130-1050911','dae_bh@or.kr','01088808584','D5','J5',3760000,null,null,to_date('17/06/19','RR/MM/DD'),null,'N');
Insert into EMPLOYEE (EMP_ID,EMP_NAME,EMP_NO,EMAIL,PHONE,DEPT_CODE,JOB_CODE,SALARY,BONUS,MANAGER_ID,HIRE_DATE,ENT_DATE,ENT_YN) values ('216','차태연','770808-1364897','cha_ty@or.kr','01064643212','D1','J6',2780000,0.2,'214',to_date('13/03/01','RR/MM/DD'),null,'N');
Insert into EMPLOYEE (EMP_ID,EMP_NAME,EMP_NO,EMAIL,PHONE,DEPT_CODE,JOB_CODE,SALARY,BONUS,MANAGER_ID,HIRE_DATE,ENT_DATE,ENT_YN) values ('217','전지연','770808-2665412','jun_jy@or.kr','01033624442','D1','J6',3660000,0.3,'214',to_date('07/03/20','RR/MM/DD'),null,'N');
Insert into EMPLOYEE (EMP_ID,EMP_NAME,EMP_NO,EMAIL,PHONE,DEPT_CODE,JOB_CODE,SALARY,BONUS,MANAGER_ID,HIRE_DATE,ENT_DATE,ENT_YN) values ('218','이오리','870427-2232123','loo_or@or.kr','01022306545',null,'J7',2890000,null,null,to_date('16/11/28','RR/MM/DD'),null,'N');
Insert into EMPLOYEE (EMP_ID,EMP_NAME,EMP_NO,EMAIL,PHONE,DEPT_CODE,JOB_CODE,SALARY,BONUS,MANAGER_ID,HIRE_DATE,ENT_DATE,ENT_YN) values ('219','임시환','660712-1212123','im_sw@or.kr',null,'D2','J4',1550000,null,null,to_date('99/09/09','RR/MM/DD'),null,'N');
Insert into EMPLOYEE (EMP_ID,EMP_NAME,EMP_NO,EMAIL,PHONE,DEPT_CODE,JOB_CODE,SALARY,BONUS,MANAGER_ID,HIRE_DATE,ENT_DATE,ENT_YN) values ('220','이중석','770823-1113111','lee_js@or.kr',null,'D2','J4',2490000,null,null,to_date('14/09/18','RR/MM/DD'),null,'N');
Insert into EMPLOYEE (EMP_ID,EMP_NAME,EMP_NO,EMAIL,PHONE,DEPT_CODE,JOB_CODE,SALARY,BONUS,MANAGER_ID,HIRE_DATE,ENT_DATE,ENT_YN) values ('221','유하진','800808-1123341','yoo_hj@or.kr',null,'D2','J4',2480000,null,null,to_date('94/01/20','RR/MM/DD'),null,'N');
Insert into EMPLOYEE (EMP_ID,EMP_NAME,EMP_NO,EMAIL,PHONE,DEPT_CODE,JOB_CODE,SALARY,BONUS,MANAGER_ID,HIRE_DATE,ENT_DATE,ENT_YN) values ('222','이태림','760918-2854697','lee_tr@or.kr','01033000002','D8','J6',2436240,0.35,'100',to_date('97/09/12','RR/MM/DD'),to_date('17/09/12','RR/MM/DD'),'Y');
--------------------------------------------------------
--  DDL for Index 엔터티1_PK
--------------------------------------------------------

  CREATE UNIQUE INDEX "엔터티1_PK" ON "EMPLOYEE" ("EMP_ID") 
  PCTFREE 10 INITRANS 2 MAXTRANS 255 COMPUTE STATISTICS 
  STORAGE(INITIAL 65536 NEXT 1048576 MINEXTENTS 1 MAXEXTENTS 2147483645
  PCTINCREASE 0 FREELISTS 1 FREELIST GROUPS 1 BUFFER_POOL DEFAULT FLASH_CACHE DEFAULT CELL_FLASH_CACHE DEFAULT)
  TABLESPACE "SYSTEM" ;
--------------------------------------------------------
--  Constraints for Table EMPLOYEE
--------------------------------------------------------

  ALTER TABLE "EMPLOYEE" ADD CONSTRAINT "EMPLOYEE_PK" PRIMARY KEY ("EMP_ID")
  USING INDEX PCTFREE 10 INITRANS 2 MAXTRANS 255 COMPUTE STATISTICS 
  STORAGE(INITIAL 65536 NEXT 1048576 MINEXTENTS 1 MAXEXTENTS 2147483645
  PCTINCREASE 0 FREELISTS 1 FREELIST GROUPS 1 BUFFER_POOL DEFAULT FLASH_CACHE DEFAULT CELL_FLASH_CACHE DEFAULT)
  TABLESPACE "SYSTEM"  ENABLE;
  ALTER TABLE "EMPLOYEE" MODIFY ("JOB_CODE" NOT NULL ENABLE);
  ALTER TABLE "EMPLOYEE" MODIFY ("EMP_NO" NOT NULL ENABLE);
  ALTER TABLE "EMPLOYEE" MODIFY ("EMP_NAME" NOT NULL ENABLE);
  ALTER TABLE "EMPLOYEE" MODIFY ("EMP_ID" NOT NULL ENABLE);

--------------------------------------------------------
--  DDL for Table JOB
--------------------------------------------------------

  CREATE TABLE "JOB" 
   (	"JOB_CODE" CHAR(2 BYTE), 
	"JOB_NAME" VARCHAR2(35 BYTE)
   ) SEGMENT CREATION IMMEDIATE 
  PCTFREE 10 PCTUSED 40 INITRANS 1 MAXTRANS 255 NOCOMPRESS LOGGING
  STORAGE(INITIAL 65536 NEXT 1048576 MINEXTENTS 1 MAXEXTENTS 2147483645
  PCTINCREASE 0 FREELISTS 1 FREELIST GROUPS 1 BUFFER_POOL DEFAULT FLASH_CACHE DEFAULT CELL_FLASH_CACHE DEFAULT)
  TABLESPACE "SYSTEM" ;

   COMMENT ON COLUMN "JOB"."JOB_CODE" IS '직급코드';
   COMMENT ON COLUMN "JOB"."JOB_NAME" IS '직급명';
   COMMENT ON TABLE "JOB"  IS '직급';
REM INSERTING into JOB
SET DEFINE OFF;
Insert into JOB (JOB_CODE,JOB_NAME) values ('J1','대표');
Insert into JOB (JOB_CODE,JOB_NAME) values ('J2','부사장');
Insert into JOB (JOB_CODE,JOB_NAME) values ('J3','부장');
Insert into JOB (JOB_CODE,JOB_NAME) values ('J4','차장');
Insert into JOB (JOB_CODE,JOB_NAME) values ('J5','과장');
Insert into JOB (JOB_CODE,JOB_NAME) values ('J6','대리');
Insert into JOB (JOB_CODE,JOB_NAME) values ('J7','사원');
--------------------------------------------------------
--  DDL for Index 엔터티1_PK1
--------------------------------------------------------

  CREATE UNIQUE INDEX "엔터티1_PK1" ON "JOB" ("JOB_CODE") 
  PCTFREE 10 INITRANS 2 MAXTRANS 255 COMPUTE STATISTICS 
  STORAGE(INITIAL 65536 NEXT 1048576 MINEXTENTS 1 MAXEXTENTS 2147483645
  PCTINCREASE 0 FREELISTS 1 FREELIST GROUPS 1 BUFFER_POOL DEFAULT FLASH_CACHE DEFAULT CELL_FLASH_CACHE DEFAULT)
  TABLESPACE "SYSTEM" ;
--------------------------------------------------------
--  Constraints for Table JOB
--------------------------------------------------------

  ALTER TABLE "JOB" ADD CONSTRAINT "JOB_PK" PRIMARY KEY ("JOB_CODE")
  USING INDEX PCTFREE 10 INITRANS 2 MAXTRANS 255 COMPUTE STATISTICS 
  STORAGE(INITIAL 65536 NEXT 1048576 MINEXTENTS 1 MAXEXTENTS 2147483645
  PCTINCREASE 0 FREELISTS 1 FREELIST GROUPS 1 BUFFER_POOL DEFAULT FLASH_CACHE DEFAULT CELL_FLASH_CACHE DEFAULT)
  TABLESPACE "SYSTEM"  ENABLE;
  ALTER TABLE "JOB" MODIFY ("JOB_CODE" NOT NULL ENABLE);

--------------------------------------------------------
--  DDL for Table LOCATION
--------------------------------------------------------

  CREATE TABLE "LOCATION" 
   (	"LOCAL_CODE" CHAR(2 BYTE), 
	"NATIONAL_CODE" CHAR(2 BYTE), 
	"LOCAL_NAME" VARCHAR2(40 BYTE)
   ) SEGMENT CREATION IMMEDIATE 
  PCTFREE 10 PCTUSED 40 INITRANS 1 MAXTRANS 255 NOCOMPRESS LOGGING
  STORAGE(INITIAL 65536 NEXT 1048576 MINEXTENTS 1 MAXEXTENTS 2147483645
  PCTINCREASE 0 FREELISTS 1 FREELIST GROUPS 1 BUFFER_POOL DEFAULT FLASH_CACHE DEFAULT CELL_FLASH_CACHE DEFAULT)
  TABLESPACE "SYSTEM" ;

   COMMENT ON COLUMN "LOCATION"."LOCAL_CODE" IS '지역코드';
   COMMENT ON COLUMN "LOCATION"."NATIONAL_CODE" IS '국가코드';
   COMMENT ON COLUMN "LOCATION"."LOCAL_NAME" IS '지역명';
   COMMENT ON TABLE "LOCATION"  IS '지역';
REM INSERTING into LOCATION
SET DEFINE OFF;
Insert into LOCATION (LOCAL_CODE,NATIONAL_CODE,LOCAL_NAME) values ('L1','KO','ASIA1');
Insert into LOCATION (LOCAL_CODE,NATIONAL_CODE,LOCAL_NAME) values ('L2','JP','ASIA2');
Insert into LOCATION (LOCAL_CODE,NATIONAL_CODE,LOCAL_NAME) values ('L3','CH','ASIA3');
Insert into LOCATION (LOCAL_CODE,NATIONAL_CODE,LOCAL_NAME) values ('L4','US','AMERICA');
Insert into LOCATION (LOCAL_CODE,NATIONAL_CODE,LOCAL_NAME) values ('L5','RU','EU');
--------------------------------------------------------
--  DDL for Index 엔터티1_PK3
--------------------------------------------------------

  CREATE UNIQUE INDEX "엔터티1_PK3" ON "LOCATION" ("LOCAL_CODE") 
  PCTFREE 10 INITRANS 2 MAXTRANS 255 COMPUTE STATISTICS 
  STORAGE(INITIAL 65536 NEXT 1048576 MINEXTENTS 1 MAXEXTENTS 2147483645
  PCTINCREASE 0 FREELISTS 1 FREELIST GROUPS 1 BUFFER_POOL DEFAULT FLASH_CACHE DEFAULT CELL_FLASH_CACHE DEFAULT)
  TABLESPACE "SYSTEM" ;
--------------------------------------------------------
--  Constraints for Table LOCATION
--------------------------------------------------------

  ALTER TABLE "LOCATION" ADD CONSTRAINT "LOCATION_PK" PRIMARY KEY ("LOCAL_CODE")
  USING INDEX PCTFREE 10 INITRANS 2 MAXTRANS 255 COMPUTE STATISTICS 
  STORAGE(INITIAL 65536 NEXT 1048576 MINEXTENTS 1 MAXEXTENTS 2147483645
  PCTINCREASE 0 FREELISTS 1 FREELIST GROUPS 1 BUFFER_POOL DEFAULT FLASH_CACHE DEFAULT CELL_FLASH_CACHE DEFAULT)
  TABLESPACE "SYSTEM"  ENABLE;
  ALTER TABLE "LOCATION" MODIFY ("NATIONAL_CODE" NOT NULL ENABLE);
  ALTER TABLE "LOCATION" MODIFY ("LOCAL_CODE" NOT NULL ENABLE);

--------------------------------------------------------
--  DDL for Table NATIONAL
--------------------------------------------------------

  CREATE TABLE "NATIONAL" 
   (	"NATIONAL_CODE" CHAR(2 BYTE), 
	"NATIONAL_NAME" VARCHAR2(35 BYTE)
   ) SEGMENT CREATION IMMEDIATE 
  PCTFREE 10 PCTUSED 40 INITRANS 1 MAXTRANS 255 NOCOMPRESS LOGGING
  STORAGE(INITIAL 65536 NEXT 1048576 MINEXTENTS 1 MAXEXTENTS 2147483645
  PCTINCREASE 0 FREELISTS 1 FREELIST GROUPS 1 BUFFER_POOL DEFAULT FLASH_CACHE DEFAULT CELL_FLASH_CACHE DEFAULT)
  TABLESPACE "SYSTEM" ;

   COMMENT ON COLUMN "NATIONAL"."NATIONAL_CODE" IS '국가코드';
   COMMENT ON COLUMN "NATIONAL"."NATIONAL_NAME" IS '국가명';
   COMMENT ON TABLE "NATIONAL"  IS '국가';
REM INSERTING into NATIONAL
SET DEFINE OFF;
Insert into NATIONAL (NATIONAL_CODE,NATIONAL_NAME) values ('KO','한국');
Insert into NATIONAL (NATIONAL_CODE,NATIONAL_NAME) values ('JP','일본');
Insert into NATIONAL (NATIONAL_CODE,NATIONAL_NAME) values ('CH','중국');
Insert into NATIONAL (NATIONAL_CODE,NATIONAL_NAME) values ('US','미국');
Insert into NATIONAL (NATIONAL_CODE,NATIONAL_NAME) values ('RU','러시아');
--------------------------------------------------------
--  DDL for Index 엔터티1_PK4
--------------------------------------------------------

  CREATE UNIQUE INDEX "엔터티1_PK4" ON "NATIONAL" ("NATIONAL_CODE") 
  PCTFREE 10 INITRANS 2 MAXTRANS 255 COMPUTE STATISTICS 
  STORAGE(INITIAL 65536 NEXT 1048576 MINEXTENTS 1 MAXEXTENTS 2147483645
  PCTINCREASE 0 FREELISTS 1 FREELIST GROUPS 1 BUFFER_POOL DEFAULT FLASH_CACHE DEFAULT CELL_FLASH_CACHE DEFAULT)
  TABLESPACE "SYSTEM" ;
--------------------------------------------------------
--  Constraints for Table NATIONAL
--------------------------------------------------------

  ALTER TABLE "NATIONAL" ADD CONSTRAINT "NATIONAL_PK" PRIMARY KEY ("NATIONAL_CODE")
  USING INDEX PCTFREE 10 INITRANS 2 MAXTRANS 255 COMPUTE STATISTICS 
  STORAGE(INITIAL 65536 NEXT 1048576 MINEXTENTS 1 MAXEXTENTS 2147483645
  PCTINCREASE 0 FREELISTS 1 FREELIST GROUPS 1 BUFFER_POOL DEFAULT FLASH_CACHE DEFAULT CELL_FLASH_CACHE DEFAULT)
  TABLESPACE "SYSTEM"  ENABLE;
  ALTER TABLE "NATIONAL" MODIFY ("NATIONAL_CODE" NOT NULL ENABLE);




COMMIT;
select * --조회할 컬럼명을 나열,  * 테이블이 가진 모든 컬럼을 조회 (보통 * 은 모든) 
from employee; --테이블 이름
--where 부터는 선택
--order by;
--sql 문장으로 실행 할 수도 있고 sqlDeveloper의 기능을 이용 할 수 있다.
rename department to dept;

--사원 테이블에서 사원의 이름을 조회해보세요
SELECT EMP_NAME
FROM EMP;
--사원테이블에서 사원의 이름, 급여, 입사일을 조회해보세요

SELECT  EMP_NAME,   SALARY, HIRE_DATE
FROM    EMP
--조건절
--  ~으로 시작하는, ~으로 끝나는, ~을 포함하는, ~과 일치하는
--  날짜,     숫자  비교
WHERE   EMP_NAME = '노옹철';

--급여가 300만원 이상인 사원의 이름과 직급코드를 조회하시오
SELECT  EMP_NAME,    SALARY,        JOB_CODE
FROM    EMP
WHERE   SALARY>=3000000
--ASC- 오름차순(기본)
--DESC -내림차순 
ORDER BY EMP_NAME desc; 

-- 
/* 
여러줄 주석
SELECT 구문 : 테이블에 있는 데이터를 조회 할때 사용
SELECT  컬럼명, ...
FROM    테이블명
WHERE   조건 AND(OR) 조건 -여러개일 경우 사용 가능
ORDER BY    정렬컬럼

- SELECT절을 통해서 조회된 결과물을 RESULT SET이라고 한다(조회된 행들의 집합)
자바에서 RESULT를 가져다가 씀
- SELECT절에 나열되는 컬럼명은 FROM절에 기술된 테이블에 존재 하는 컬럼 이여야 한다!!!!!!!!

*/ 
--EMPLOYEE
--별칭주기
--컬럼명 별칭
--as 키워드를 붙일 수 도 있고 생략도 가능하다!
-- 별칭에 공백, 특문이 있으면 "" 로 묶어줘야함
SELECT    EMP_ID 사번  ,EMP_NAME 이름    , SALARY  월급
FROM EMP;


/*
    <컬럼 값을 통한 산술연산>
        SELECT 절에 컬럼명 입력 부분에서 산술 연산을 이용해서 결과를 조회할 수 있다.
*/ 

SELECT EMP_NAME,    SALARY, SALARY * 12,    BONUS
FROM EMP;

--보너스 구하기

SELECT  EMP_NAME,  BONUS,   SALARY * BONUS
FROM    EMP;

--보너스 포함한 급여 구하기
-- NULL 의 연산결과는 NULL ------> NVL (컬럼, 변경 할 값) 함수를 이용해서 NULL 이면 0으로 치환
--연산식이나 함수를 이용할 경우, 컬럼명이 연산식으로 변경됨
SELECT  EMP_NAME,  NVL(BONUS,0) 보너스율 ,NVL(BONUS,0)* SALARY 보너스,   SALARY * NVL(BONUS,0) +SALARY "보너스 포함한 급여"
FROM    EMP;

--DUAL: 테스트용 테이블
SELECT  SYSDATE     FROM    DUAL;



--오늘 날짜 SYSDATE - 오라클 제공
--날짜 출력형식 바꾸는 법
-- 도구- 환경설정 - 데이터베이스 -NLS
 -- FLOOR : 소수점 버림처리 
 --날짜와 날짜의 연산, 날짜와 숫자의 연산 모두 가능함 (일 수로 나옴)
SELECT SYSDATE, HIRE_DATE,  SYSDATE -   2,  FLOOR(SYSDATE - HIRE_DATE)
FROM EMP;

/*
    <컬럼명에 별칭 지정하기>
        [표현법]
            컬럼명 AS 별칭 / 컬럼명 AS "별칭" / 컬럼명 별칭 / 컬럼명 "별칭"
            
        - 산술연산을 하게 되면 컬럼명이 지저분해진다. 이때 컬럼명에 별칭을 부여해서 깔끔하게 보여줄 수 있다.
        - 별칭을 부여할 때 띄어쓰기 혹은 특수문자가 포함될 경우에는 반드시 큰 따옴표("")로 감싸줘야 한다.
        
        위에서 한겨
*/ 
--EMP 테이블에서 보너스가 포함된 연봉 조회

SELECT EMP_NAME 이름,     SALARY 연봉   , (NVL(BONUS,0)*SALARY +SALARY)*12 "보너스가 포함 된 연봉"
FROM EMP;